"Date";"Open";"High";"Low";"Close";"Volume"
4/11/06 12:00 AM;1296.6;1300.71;1282.96;1286.57;2.23288E9
4/12/06 12:00 AM;1286.57;1290.93;1286.45;1288.12;1.9381E9
4/13/06 12:00 AM;1288.12;1292.09;1283.37;1289.12;1.89194E9
4/17/06 12:00 AM;1289.12;1292.45;1280.74;1285.33;1.79465E9
4/18/06 12:00 AM;1285.33;1309.02;1285.33;1307.28;2.59544E9
4/19/06 12:00 AM;1307.65;1310.39;1302.79;1309.93;2.44731E9
4/20/06 12:00 AM;1309.93;1318.16;1306.38;1311.46;2.51292E9
4/21/06 12:00 AM;1311.46;1317.67;1306.59;1311.28;2.39263E9
4/24/06 12:00 AM;1311.28;1311.28;1303.79;1308.11;2.11733E9
4/25/06 12:00 AM;1308.11;1310.79;1299.17;1301.74;2.36638E9
4/26/06 12:00 AM;1301.74;1310.97;1301.74;1305.41;2.50269E9
4/27/06 12:00 AM;1305.41;1315.0;1295.57;1309.72;2.77201E9
4/28/06 12:00 AM;1309.72;1316.04;1306.16;1310.61;2.41992E9
5/1/06 12:00 AM;1310.61;1317.21;1303.46;1305.19;2.43704E9
5/2/06 12:00 AM;1305.19;1313.66;1305.19;1313.21;2.40347E9
5/3/06 12:00 AM;1313.21;1313.47;1303.92;1308.12;2.39523E9
5/4/06 12:00 AM;1307.85;1315.14;1307.85;1312.25;2.43145E9
5/5/06 12:00 AM;1312.25;1326.53;1312.25;1325.76;2.29476E9
5/8/06 12:00 AM;1325.76;1326.7;1322.87;1324.66;2.1513E9
5/9/06 12:00 AM;1324.66;1326.6;1322.48;1325.14;2.15729E9
5/10/06 12:00 AM;1324.57;1325.51;1317.44;1322.85;2.26855E9
5/11/06 12:00 AM;1322.63;1322.63;1303.45;1305.92;2.53152E9
5/12/06 12:00 AM;1305.88;1305.88;1290.38;1291.24;2.56797E9
5/15/06 12:00 AM;1291.19;1294.81;1284.51;1294.5;2.50566E9
5/16/06 12:00 AM;1294.5;1297.88;1288.51;1292.08;2.38621E9
5/17/06 12:00 AM;1291.73;1291.73;1267.31;1270.32;2.8302E9
5/18/06 12:00 AM;1270.25;1274.89;1261.75;1261.81;2.53749E9
5/19/06 12:00 AM;1261.81;1272.15;1256.28;1267.03;2.9823E9
5/22/06 12:00 AM;1267.03;1268.77;1252.98;1262.07;2.77301E9
5/23/06 12:00 AM;1262.06;1273.67;1256.15;1256.58;2.60525E9
5/24/06 12:00 AM;1256.56;1264.53;1245.34;1258.57;2.99903E9
5/25/06 12:00 AM;1258.41;1273.26;1258.41;1272.88;2.37273E9
5/26/06 12:00 AM;1272.71;1280.54;1272.5;1280.16;1.81402E9
5/30/06 12:00 AM;1280.04;1280.04;1259.87;1259.87;2.17619E9
5/31/06 12:00 AM;1259.38;1270.09;1259.38;1270.09;2.69216E9
6/1/06 12:00 AM;1270.05;1285.71;1269.19;1285.71;2.36016E9
6/2/06 12:00 AM;1285.71;1290.68;1280.22;1288.22;2.29554E9
6/5/06 12:00 AM;1288.16;1288.16;1264.66;1265.29;2.31347E9
6/6/06 12:00 AM;1265.23;1269.88;1254.46;1263.85;2.69765E9
6/7/06 12:00 AM;1263.61;1272.47;1255.77;1256.15;2.64417E9
6/8/06 12:00 AM;1256.08;1259.85;1235.18;1257.93;3.54379E9
6/9/06 12:00 AM;1257.93;1262.58;1250.03;1252.3;2.214E9
6/12/06 12:00 AM;1252.27;1255.22;1236.43;1237.44;2.24701E9
6/13/06 12:00 AM;1236.08;1243.37;1222.52;1223.69;3.21577E9
6/14/06 12:00 AM;1223.66;1231.46;1219.29;1230.04;2.66799E9
6/15/06 12:00 AM;1230.01;1258.64;1230.01;1256.16;2.77548E9
6/16/06 12:00 AM;1256.16;1256.27;1246.33;1251.54;2.78339E9
6/19/06 12:00 AM;1251.54;1255.93;1237.17;1240.13;2.5172E9
6/20/06 12:00 AM;1240.12;1249.01;1238.87;1240.12;2.23295E9
6/21/06 12:00 AM;1240.09;1257.96;1240.09;1252.2;2.36123E9
6/22/06 12:00 AM;1251.92;1251.92;1241.53;1245.6;2.14818E9
6/23/06 12:00 AM;1245.59;1253.13;1241.43;1244.5;2.01727E9
6/26/06 12:00 AM;1244.5;1250.92;1243.68;1250.56;1.87858E9
6/27/06 12:00 AM;1250.55;1253.37;1238.94;1239.2;2.20313E9
6/28/06 12:00 AM;1238.99;1247.06;1237.59;1246.0;2.08549E9
6/29/06 12:00 AM;1245.94;1272.88;1245.94;1272.87;2.62125E9
6/30/06 12:00 AM;1272.86;1276.3;1270.2;1270.2;3.04956E9
7/3/06 12:00 AM;1270.06;1280.38;1270.06;1280.19;1.11447E9
7/5/06 12:00 AM;1280.05;1280.05;1265.91;1270.91;2.16507E9
7/6/06 12:00 AM;1270.58;1278.32;1270.58;1274.08;2.00916E9
7/7/06 12:00 AM;1274.08;1275.38;1263.13;1265.48;1.98815E9
7/10/06 12:00 AM;1265.46;1274.06;1264.46;1267.34;1.85459E9
7/11/06 12:00 AM;1267.26;1273.64;1259.65;1272.43;2.31085E9
7/12/06 12:00 AM;1272.39;1273.31;1257.29;1258.6;2.25045E9
7/13/06 12:00 AM;1258.58;1258.58;1241.43;1242.28;2.54576E9
7/14/06 12:00 AM;1242.29;1242.7;1228.45;1236.2;2.46712E9
7/17/06 12:00 AM;1236.2;1240.07;1231.49;1234.49;2.14641E9
7/18/06 12:00 AM;1234.48;1239.86;1224.54;1236.86;2.48175E9
7/19/06 12:00 AM;1236.74;1261.81;1236.74;1259.81;2.70198E9
7/20/06 12:00 AM;1259.81;1262.56;1249.13;1249.13;2.34558E9
7/21/06 12:00 AM;1249.12;1250.96;1238.72;1240.29;2.70409E9
7/24/06 12:00 AM;1240.25;1262.5;1240.25;1260.91;2.31272E9
7/25/06 12:00 AM;1260.91;1272.39;1257.19;1268.88;2.56393E9
7/26/06 12:00 AM;1268.87;1273.89;1261.94;1268.4;2.66771E9
7/27/06 12:00 AM;1268.2;1275.85;1261.92;1263.2;2.77671E9
7/28/06 12:00 AM;1263.15;1280.42;1263.15;1278.55;2.48042E9
7/31/06 12:00 AM;1278.53;1278.66;1274.31;1276.66;2.4613E9
8/1/06 12:00 AM;1278.53;1278.66;1265.71;1270.92;2.52769E9
8/2/06 12:00 AM;1270.73;1283.42;1270.73;1277.41;2.61075E9
8/3/06 12:00 AM;1278.22;1283.96;1271.25;1280.27;2.72844E9
8/4/06 12:00 AM;1280.26;1292.92;1273.82;1279.36;2.53097E9
8/7/06 12:00 AM;1279.31;1279.31;1273.0;1275.77;2.04566E9
8/8/06 12:00 AM;1275.67;1282.75;1268.37;1271.48;2.45784E9
8/9/06 12:00 AM;1271.13;1283.74;1264.73;1265.95;2.55518E9
8/10/06 12:00 AM;1265.72;1272.55;1261.3;1271.81;2.40219E9
8/11/06 12:00 AM;1271.64;1271.64;1262.08;1266.74;2.00454E9
8/14/06 12:00 AM;1266.67;1278.9;1266.67;1268.21;2.11802E9
8/15/06 12:00 AM;1268.19;1286.23;1268.19;1285.58;2.3341E9
8/16/06 12:00 AM;1285.27;1296.21;1285.27;1295.43;2.55457E9
8/17/06 12:00 AM;1295.37;1300.78;1292.71;1297.48;2.45834E9
8/18/06 12:00 AM;1297.48;1302.3;1293.57;1302.3;2.03391E9
8/21/06 12:00 AM;1302.3;1302.3;1295.51;1297.52;1.75924E9
8/22/06 12:00 AM;1297.52;1302.49;1294.44;1298.82;1.90874E9
8/23/06 12:00 AM;1298.73;1301.5;1289.82;1292.99;1.89367E9
8/24/06 12:00 AM;1292.97;1297.23;1291.4;1296.06;1.93032E9
8/25/06 12:00 AM;1295.92;1298.88;1292.39;1295.09;1.66758E9
8/28/06 12:00 AM;1295.09;1305.02;1293.97;1301.78;1.83492E9
8/29/06 12:00 AM;1301.57;1305.02;1295.29;1304.28;2.09372E9
8/30/06 12:00 AM;1303.7;1306.74;1302.15;1305.37;2.06069E9
8/31/06 12:00 AM;1304.25;1306.11;1302.45;1303.82;1.97454E9
9/1/06 12:00 AM;1303.8;1312.03;1303.8;1311.01;1.80052E9
9/5/06 12:00 AM;1310.94;1314.67;1308.82;1313.25;2.11448E9
9/6/06 12:00 AM;1313.04;1313.04;1299.28;1300.26;2.32987E9
9/7/06 12:00 AM;1300.21;1301.25;1292.13;1294.02;2.32585E9
9/8/06 12:00 AM;1294.02;1300.14;1294.02;1298.92;2.13289E9
9/11/06 12:00 AM;1298.86;1302.36;1290.93;1299.54;2.50643E9
9/12/06 12:00 AM;1299.53;1314.28;1299.53;1313.0;2.79158E9
9/13/06 12:00 AM;1312.74;1319.92;1311.12;1318.07;2.59722E9
9/14/06 12:00 AM;1318.0;1318.0;1313.25;1316.28;2.35122E9
9/15/06 12:00 AM;1316.28;1324.65;1316.28;1319.66;3.19803E9
9/18/06 12:00 AM;1319.85;1324.87;1318.16;1321.18;2.32508E9
9/19/06 12:00 AM;1321.17;1322.04;1312.17;1317.64;2.39085E9
9/20/06 12:00 AM;1318.28;1328.53;1318.28;1325.18;2.54307E9
9/21/06 12:00 AM;1324.89;1328.19;1315.45;1318.03;2.62744E9
9/22/06 12:00 AM;1318.03;1318.03;1310.94;1314.78;2.16288E9
9/25/06 12:00 AM;1314.78;1329.35;1311.58;1326.37;2.71024E9
9/26/06 12:00 AM;1326.35;1336.6;1325.3;1336.35;2.67335E9
9/27/06 12:00 AM;1336.12;1340.08;1333.54;1336.59;2.74919E9
9/28/06 12:00 AM;1336.56;1340.28;1333.75;1338.88;2.39782E9
9/29/06 12:00 AM;1339.15;1339.88;1335.64;1335.85;2.27343E9
10/2/06 12:00 AM;1335.82;1338.54;1330.28;1331.32;2.15448E9
10/3/06 12:00 AM;1331.32;1338.31;1327.1;1334.11;2.68269E9
10/4/06 12:00 AM;1333.81;1350.2;1331.48;1350.2;3.01988E9
10/5/06 12:00 AM;1349.84;1353.79;1347.75;1353.22;2.81724E9
10/6/06 12:00 AM;1353.22;1353.22;1344.21;1349.59;2.523E9
10/9/06 12:00 AM;1349.58;1352.69;1346.55;1350.66;1.93517E9
10/10/06 12:00 AM;1350.62;1354.23;1348.6;1353.42;2.37614E9
10/11/06 12:00 AM;1353.28;1353.97;1343.57;1349.95;2.521E9
10/12/06 12:00 AM;1349.94;1363.76;1349.94;1362.83;2.51435E9
10/13/06 12:00 AM;1362.82;1366.63;1360.5;1365.62;2.48292E9
10/16/06 12:00 AM;1365.61;1370.2;1364.48;1369.06;2.30592E9
10/17/06 12:00 AM;1369.05;1369.05;1356.87;1364.05;2.51962E9
10/18/06 12:00 AM;1363.93;1372.87;1360.95;1365.8;2.65884E9
10/19/06 12:00 AM;1365.95;1368.09;1362.06;1366.96;2.61983E9
10/20/06 12:00 AM;1366.94;1368.66;1362.1;1368.6;2.52641E9
10/23/06 12:00 AM;1368.58;1377.4;1363.94;1377.02;2.48043E9
10/24/06 12:00 AM;1377.02;1377.78;1372.42;1377.38;2.87689E9
10/25/06 12:00 AM;1377.36;1383.61;1376.0;1382.22;2.95354E9
10/26/06 12:00 AM;1382.21;1389.45;1379.47;1389.08;2.79335E9
10/27/06 12:00 AM;1388.89;1388.89;1375.85;1377.34;2.45845E9
10/30/06 12:00 AM;1377.3;1381.22;1373.46;1377.93;2.77044E9
10/31/06 12:00 AM;1377.93;1381.21;1372.19;1377.94;2.80303E9
11/1/06 12:00 AM;1377.76;1381.95;1366.26;1367.81;2.82116E9
11/2/06 12:00 AM;1367.44;1368.39;1362.21;1367.34;2.64618E9
11/3/06 12:00 AM;1367.31;1371.68;1360.98;1364.3;2.41973E9
11/6/06 12:00 AM;1364.27;1381.4;1364.27;1379.78;2.53355E9
11/7/06 12:00 AM;1379.75;1388.19;1379.19;1382.84;2.63639E9
11/8/06 12:00 AM;1382.5;1388.61;1379.33;1385.72;2.81482E9
11/9/06 12:00 AM;1385.43;1388.92;1377.31;1378.33;3.01205E9
11/10/06 12:00 AM;1378.33;1381.04;1375.6;1380.9;2.2902E9
11/13/06 12:00 AM;1380.58;1387.61;1378.8;1384.42;2.38634E9
11/14/06 12:00 AM;1384.36;1394.49;1379.07;1393.22;3.02748E9
11/15/06 12:00 AM;1392.91;1401.35;1392.13;1396.57;2.83113E9
11/16/06 12:00 AM;1396.53;1403.76;1396.53;1399.76;2.83573E9
11/17/06 12:00 AM;1399.76;1401.21;1394.55;1401.2;2.7261E9
11/20/06 12:00 AM;1401.17;1404.37;1397.85;1400.5;2.54671E9
11/21/06 12:00 AM;1400.43;1403.49;1399.99;1402.81;2.59794E9
11/22/06 12:00 AM;1402.69;1407.89;1402.26;1406.09;2.23771E9
11/24/06 12:00 AM;1405.94;1405.94;1399.25;1400.95;8.3255E8
11/27/06 12:00 AM;1400.95;1400.95;1381.44;1381.96;2.71121E9
11/28/06 12:00 AM;1381.61;1387.91;1377.83;1386.72;2.63975E9
11/29/06 12:00 AM;1386.11;1401.14;1386.11;1399.48;2.79097E9
11/30/06 12:00 AM;1399.47;1406.3;1393.83;1400.63;4.00623E9
12/1/06 12:00 AM;1400.63;1402.46;1385.93;1396.71;2.80098E9
12/4/06 12:00 AM;1396.67;1411.23;1396.67;1409.12;2.76632E9
12/5/06 12:00 AM;1409.1;1415.27;1408.78;1414.76;2.7557E9
12/6/06 12:00 AM;1414.4;1415.93;1411.05;1412.9;2.72528E9
12/7/06 12:00 AM;1412.86;1418.27;1406.8;1407.29;2.74315E9
12/8/06 12:00 AM;1407.27;1414.09;1403.67;1409.84;2.44046E9
12/11/06 12:00 AM;1409.81;1415.6;1408.56;1413.04;2.2899E9
12/12/06 12:00 AM;1413.0;1413.78;1404.75;1411.56;2.73817E9
12/13/06 12:00 AM;1411.32;1416.64;1411.05;1413.21;2.55226E9
12/14/06 12:00 AM;1413.16;1427.23;1413.16;1425.49;2.7297E9
12/15/06 12:00 AM;1425.48;1431.63;1425.48;1427.09;3.22958E9
12/18/06 12:00 AM;1427.08;1431.81;1420.65;1422.48;2.56814E9
12/19/06 12:00 AM;1422.42;1428.3;1414.88;1425.55;2.71706E9
12/20/06 12:00 AM;1425.51;1429.05;1423.51;1423.53;2.38763E9
12/21/06 12:00 AM;1423.2;1426.4;1415.9;1418.3;2.32241E9
12/22/06 12:00 AM;1418.1;1418.82;1410.28;1410.76;1.64759E9
12/26/06 12:00 AM;1410.75;1417.91;1410.45;1416.9;1.31031E9
12/27/06 12:00 AM;1416.63;1427.72;1416.63;1426.84;1.66737E9
12/28/06 12:00 AM;1426.77;1427.26;1422.05;1424.73;1.50857E9
12/29/06 12:00 AM;1424.71;1427.0;1416.84;1418.3;1.6782E9
1/3/07 12:00 AM;1418.03;1429.42;1407.86;1416.6;3.42916E9
1/4/07 12:00 AM;1416.6;1421.84;1408.43;1418.34;3.00446E9
1/5/07 12:00 AM;1418.34;1418.34;1405.75;1409.71;2.9194E9
1/8/07 12:00 AM;1409.26;1414.98;1403.97;1412.84;2.76334E9
1/9/07 12:00 AM;1412.84;1415.61;1405.42;1412.11;3.03838E9
1/10/07 12:00 AM;1408.7;1415.99;1405.32;1414.85;2.76466E9
1/11/07 12:00 AM;1414.84;1427.12;1414.84;1423.82;2.85787E9
1/12/07 12:00 AM;1423.82;1431.23;1422.58;1430.73;2.68648E9
1/16/07 12:00 AM;1430.73;1433.93;1428.62;1431.9;2.59953E9
1/17/07 12:00 AM;1431.77;1435.27;1428.57;1430.62;2.69027E9
1/18/07 12:00 AM;1430.59;1432.96;1424.21;1426.37;2.82243E9
1/19/07 12:00 AM;1426.35;1431.57;1425.19;1430.5;2.77748E9
1/22/07 12:00 AM;1430.47;1431.39;1420.4;1422.95;2.54012E9
1/23/07 12:00 AM;1422.95;1431.33;1421.66;1427.99;2.97507E9
1/24/07 12:00 AM;1427.96;1440.14;1427.96;1440.13;2.78318E9
1/25/07 12:00 AM;1440.12;1440.69;1422.34;1423.9;2.99433E9
1/26/07 12:00 AM;1423.9;1427.27;1416.96;1422.18;2.62662E9
1/29/07 12:00 AM;1422.03;1426.94;1418.46;1420.62;2.73048E9
1/30/07 12:00 AM;1420.61;1428.82;1420.61;1428.82;2.70625E9
1/31/07 12:00 AM;1428.65;1441.61;1424.78;1438.24;2.97669E9
2/1/07 12:00 AM;1437.9;1446.64;1437.9;1445.94;2.91489E9
2/2/07 12:00 AM;1445.94;1449.33;1444.49;1448.39;2.56945E9
2/5/07 12:00 AM;1448.33;1449.38;1443.85;1446.99;2.43943E9
2/6/07 12:00 AM;1446.98;1450.19;1443.4;1448.0;2.60871E9
2/7/07 12:00 AM;1447.41;1452.99;1446.44;1450.02;2.61882E9
2/8/07 12:00 AM;1449.99;1450.45;1442.81;1448.31;2.81618E9
2/9/07 12:00 AM;1448.25;1452.45;1433.44;1438.06;2.95181E9
2/12/07 12:00 AM;1438.0;1439.11;1431.44;1433.37;2.39568E9
2/13/07 12:00 AM;1433.22;1444.41;1433.22;1444.26;2.65215E9
2/14/07 12:00 AM;1443.91;1457.65;1443.91;1455.3;2.69929E9
2/15/07 12:00 AM;1455.15;1457.97;1453.19;1456.81;2.49092E9
2/16/07 12:00 AM;1456.77;1456.77;1451.57;1455.54;2.39945E9
2/20/07 12:00 AM;1455.53;1460.53;1449.2;1459.68;2.33786E9
2/21/07 12:00 AM;1459.6;1459.6;1452.02;1457.63;2.60698E9
2/22/07 12:00 AM;1457.29;1461.57;1450.51;1456.38;1.95077E9
2/23/07 12:00 AM;1456.22;1456.22;1448.36;1451.19;2.57995E9
2/26/07 12:00 AM;1451.04;1456.95;1445.48;1449.37;2.82217E9
2/27/07 12:00 AM;1449.25;1449.25;1389.42;1399.04;4.06523E9
2/28/07 12:00 AM;1398.64;1415.89;1396.65;1406.82;3.92525E9
3/1/07 12:00 AM;1406.8;1409.46;1380.87;1403.17;3.87491E9
3/2/07 12:00 AM;1403.16;1403.4;1386.87;1387.17;3.31226E9
3/5/07 12:00 AM;1387.11;1391.86;1373.97;1374.12;3.48052E9
3/6/07 12:00 AM;1374.06;1397.9;1374.06;1395.41;3.35816E9
3/7/07 12:00 AM;1395.02;1401.16;1390.64;1391.97;3.14135E9
3/8/07 12:00 AM;1391.88;1407.93;1391.88;1401.89;3.01485E9
3/9/07 12:00 AM;1401.89;1410.15;1397.3;1402.84;2.62305E9
3/12/07 12:00 AM;1402.8;1409.34;1398.4;1406.6;2.664E9
3/13/07 12:00 AM;1406.23;1406.23;1377.71;1377.95;3.48557E9
3/14/07 12:00 AM;1377.86;1388.09;1363.98;1387.17;3.75835E9
3/15/07 12:00 AM;1387.11;1395.73;1385.16;1392.28;2.8219E9
3/16/07 12:00 AM;1392.28;1397.51;1383.63;1386.95;3.39364E9
3/19/07 12:00 AM;1386.95;1403.2;1386.95;1402.06;2.77718E9
3/20/07 12:00 AM;1402.04;1411.53;1400.7;1410.94;2.79594E9
3/21/07 12:00 AM;1410.92;1437.77;1409.75;1435.04;3.18477E9
3/22/07 12:00 AM;1435.04;1437.66;1429.88;1434.54;3.12997E9
3/23/07 12:00 AM;1434.54;1438.89;1433.21;1436.11;2.61902E9
3/26/07 12:00 AM;1436.11;1437.65;1423.28;1437.5;2.75466E9
3/27/07 12:00 AM;1437.49;1437.49;1425.54;1428.61;2.67304E9
3/28/07 12:00 AM;1428.35;1428.35;1414.07;1417.23;3.00044E9
3/29/07 12:00 AM;1417.17;1426.24;1413.27;1422.53;2.85471E9
3/30/07 12:00 AM;1422.52;1429.22;1408.9;1420.86;2.90396E9
4/2/07 12:00 AM;1420.83;1425.49;1416.37;1424.55;2.87588E9
4/3/07 12:00 AM;1424.27;1440.57;1424.27;1437.77;2.92176E9
4/4/07 12:00 AM;1437.75;1440.16;1435.08;1439.37;2.61632E9
4/5/07 12:00 AM;1438.94;1444.88;1436.67;1443.76;2.35723E9
4/9/07 12:00 AM;1443.77;1448.1;1443.28;1444.61;2.34941E9
4/10/07 12:00 AM;1444.58;1448.73;1443.99;1448.39;2.51011E9
4/11/07 12:00 AM;1448.23;1448.39;1436.15;1438.87;2.95019E9
4/12/07 12:00 AM;1438.87;1448.02;1433.91;1447.8;2.77057E9
4/13/07 12:00 AM;1447.8;1453.11;1444.15;1452.85;2.69002E9
4/16/07 12:00 AM;1452.84;1468.62;1452.84;1468.33;2.87014E9
4/17/07 12:00 AM;1468.47;1474.35;1467.15;1471.48;2.92057E9
4/18/07 12:00 AM;1471.47;1476.57;1466.41;1472.5;2.97133E9
4/19/07 12:00 AM;1472.48;1474.23;1464.47;1470.73;2.91361E9
4/20/07 12:00 AM;1470.69;1484.74;1470.69;1484.35;3.32994E9
4/23/07 12:00 AM;1484.33;1487.32;1480.19;1480.93;2.57502E9
4/24/07 12:00 AM;1480.93;1483.82;1473.74;1480.41;3.11975E9
4/25/07 12:00 AM;1480.28;1496.59;1480.28;1495.42;3.25259E9
4/26/07 12:00 AM;1495.27;1498.02;1491.17;1494.25;3.2118E9
4/27/07 12:00 AM;1494.21;1497.32;1488.67;1494.07;2.73281E9
4/30/07 12:00 AM;1494.07;1497.16;1482.29;1482.37;3.09342E9
5/1/07 12:00 AM;1482.37;1487.27;1476.7;1486.3;3.40035E9
5/2/07 12:00 AM;1486.13;1499.1;1486.13;1495.92;3.1898E9
5/3/07 12:00 AM;1495.56;1503.34;1495.56;1502.39;3.00797E9
5/4/07 12:00 AM;1502.35;1510.34;1501.8;1505.62;2.76193E9
5/7/07 12:00 AM;1505.57;1511.0;1505.54;1509.48;2.54509E9
5/8/07 12:00 AM;1509.36;1509.36;1500.66;1507.72;2.79572E9
5/9/07 12:00 AM;1507.32;1513.8;1503.77;1512.58;2.93555E9
5/10/07 12:00 AM;1512.33;1512.33;1491.42;1491.47;3.03124E9
5/11/07 12:00 AM;1491.47;1506.24;1491.47;1505.85;2.72078E9
5/14/07 12:00 AM;1505.76;1510.9;1498.34;1503.15;2.77613E9
5/15/07 12:00 AM;1503.11;1514.83;1500.43;1501.19;3.07102E9
5/16/07 12:00 AM;1500.75;1514.15;1500.75;1514.14;2.91535E9
5/17/07 12:00 AM;1514.01;1517.14;1509.29;1512.75;2.86864E9
5/18/07 12:00 AM;1512.74;1522.75;1512.74;1522.75;2.95905E9
5/21/07 12:00 AM;1522.75;1529.87;1522.71;1525.1;3.46536E9
5/22/07 12:00 AM;1525.1;1529.24;1522.05;1524.12;2.8605E9
5/23/07 12:00 AM;1524.09;1532.43;1521.9;1522.28;3.08426E9
5/24/07 12:00 AM;1522.1;1529.31;1505.18;1507.51;3.36553E9
5/25/07 12:00 AM;1507.5;1517.41;1507.5;1515.73;2.31625E9
5/29/07 12:00 AM;1515.55;1521.8;1512.02;1518.11;2.57179E9
5/30/07 12:00 AM;1517.6;1530.23;1510.06;1530.23;2.98021E9
5/31/07 12:00 AM;1530.19;1535.56;1528.26;1530.62;3.33553E9
6/1/07 12:00 AM;1530.62;1540.56;1530.62;1536.34;2.92702E9
6/4/07 12:00 AM;1536.28;1540.53;1532.31;1539.18;2.73893E9
6/5/07 12:00 AM;1539.12;1539.12;1525.62;1530.95;2.93945E9
6/6/07 12:00 AM;1530.57;1530.57;1514.13;1517.38;2.96419E9
6/7/07 12:00 AM;1517.36;1517.36;1490.37;1490.72;3.53847E9
6/8/07 12:00 AM;1490.71;1507.76;1487.41;1507.67;2.99346E9
6/11/07 12:00 AM;1507.64;1515.53;1503.35;1509.12;2.52528E9
6/12/07 12:00 AM;1509.12;1511.33;1492.97;1493.0;3.0562E9
6/13/07 12:00 AM;1492.65;1515.7;1492.65;1515.67;3.07793E9
6/14/07 12:00 AM;1515.58;1526.45;1515.58;1522.97;2.81363E9
6/15/07 12:00 AM;1522.97;1538.71;1522.97;1532.91;3.40603E9
6/18/07 12:00 AM;1532.9;1535.44;1529.31;1531.05;2.48024E9
6/19/07 12:00 AM;1531.02;1535.85;1525.67;1533.7;2.87359E9
6/20/07 12:00 AM;1533.68;1537.32;1512.36;1512.84;3.2869E9
6/21/07 12:00 AM;1512.5;1522.9;1504.75;1522.19;3.16111E9
6/22/07 12:00 AM;1522.19;1522.19;1500.74;1502.56;4.28432E9
6/25/07 12:00 AM;1502.56;1514.29;1492.68;1497.74;3.28725E9
6/26/07 12:00 AM;1497.68;1506.12;1490.54;1492.89;3.39853E9
6/27/07 12:00 AM;1492.62;1506.8;1484.18;1506.34;3.39815E9
6/28/07 12:00 AM;1506.32;1514.84;1503.41;1505.71;3.00671E9
6/29/07 12:00 AM;1505.7;1517.53;1493.61;1503.35;3.16541E9
7/2/07 12:00 AM;1504.66;1519.45;1504.66;1519.43;2.64499E9
7/3/07 12:00 AM;1519.12;1526.01;1519.12;1524.87;1.56079E9
7/5/07 12:00 AM;1524.86;1526.57;1517.72;1525.4;2.62295E9
7/6/07 12:00 AM;1524.96;1532.4;1520.47;1530.44;2.44152E9
7/9/07 12:00 AM;1530.43;1534.26;1527.45;1531.85;2.71533E9
7/10/07 12:00 AM;1531.85;1531.85;1510.01;1510.12;3.24428E9
7/11/07 12:00 AM;1509.93;1519.34;1506.1;1518.76;3.08292E9
7/12/07 12:00 AM;1518.74;1547.92;1518.74;1547.7;3.4896E9
7/13/07 12:00 AM;1547.68;1555.1;1544.85;1552.5;2.80112E9
7/16/07 12:00 AM;1552.5;1555.9;1546.69;1549.52;2.70411E9
7/17/07 12:00 AM;1549.52;1555.32;1547.74;1549.37;3.00714E9
7/18/07 12:00 AM;1549.2;1549.2;1533.67;1546.17;3.60922E9
7/19/07 12:00 AM;1546.13;1555.2;1546.13;1553.08;3.25145E9
7/20/07 12:00 AM;1553.19;1553.19;1529.2;1534.1;3.74578E9
7/23/07 12:00 AM;1534.06;1547.23;1534.06;1541.57;3.1027E9
7/24/07 12:00 AM;1541.57;1541.57;1508.62;1511.04;4.11583E9
7/25/07 12:00 AM;1511.03;1524.31;1503.73;1518.09;4.2832E9
7/26/07 12:00 AM;1518.09;1518.09;1465.3;1482.66;4.47255E9
7/27/07 12:00 AM;1482.44;1488.53;1458.95;1458.95;4.78465E9
7/30/07 12:00 AM;1458.93;1477.88;1454.32;1473.91;4.12878E9
7/31/07 12:00 AM;1473.9;1488.3;1454.25;1455.27;4.52452E9
8/1/07 12:00 AM;1455.18;1468.38;1439.59;1465.81;5.25678E9
8/2/07 12:00 AM;1465.46;1476.43;1460.58;1472.2;4.36885E9
8/3/07 12:00 AM;1472.18;1473.23;1432.8;1433.06;4.27211E9
8/6/07 12:00 AM;1433.04;1467.67;1427.39;1467.67;5.0672E9
8/7/07 12:00 AM;1467.62;1488.3;1455.8;1476.71;4.90939E9
8/8/07 12:00 AM;1476.22;1503.89;1476.22;1497.49;5.49956E9
8/9/07 12:00 AM;1497.21;1497.21;1453.09;1453.09;5.8896E9
8/10/07 12:00 AM;1453.09;1462.02;1429.74;1453.64;5.34578E9
8/13/07 12:00 AM;1453.42;1466.29;1451.54;1452.92;3.69628E9
8/14/07 12:00 AM;1452.87;1456.74;1426.2;1426.54;3.81463E9
8/15/07 12:00 AM;1426.15;1440.78;1404.36;1406.7;4.29093E9
8/16/07 12:00 AM;1406.64;1415.97;1370.6;1411.27;6.5093E9
8/17/07 12:00 AM;1411.26;1450.33;1411.26;1445.94;3.57004E9
8/20/07 12:00 AM;1445.94;1451.75;1430.54;1445.55;3.32134E9
8/21/07 12:00 AM;1445.55;1455.32;1439.76;1447.12;3.01215E9
8/22/07 12:00 AM;1447.03;1464.86;1447.03;1464.07;3.30912E9
8/23/07 12:00 AM;1464.05;1472.06;1453.88;1462.5;3.08439E9
8/24/07 12:00 AM;1462.34;1479.4;1460.54;1479.37;2.5414E9
8/27/07 12:00 AM;1479.36;1479.36;1465.98;1466.79;2.40618E9
8/28/07 12:00 AM;1466.72;1466.72;1432.01;1432.36;3.07809E9
8/29/07 12:00 AM;1432.01;1463.76;1432.01;1463.76;2.82407E9
8/30/07 12:00 AM;1463.67;1468.43;1451.25;1457.64;2.58296E9
8/31/07 12:00 AM;1457.61;1481.47;1457.61;1473.99;2.73161E9
9/4/07 12:00 AM;1473.96;1496.4;1472.15;1489.42;2.7666E9
9/5/07 12:00 AM;1488.76;1488.76;1466.34;1472.29;2.9916E9
9/6/07 12:00 AM;1472.03;1481.49;1467.41;1478.55;2.45959E9
9/7/07 12:00 AM;1478.55;1478.55;1449.07;1453.55;3.19108E9
9/10/07 12:00 AM;1453.5;1462.25;1439.29;1451.7;2.83572E9
9/11/07 12:00 AM;1451.69;1472.48;1451.69;1471.49;3.01533E9
9/12/07 12:00 AM;1471.1;1479.5;1465.75;1471.56;2.88572E9
9/13/07 12:00 AM;1471.47;1489.58;1471.47;1483.95;2.87708E9
9/14/07 12:00 AM;1483.95;1485.99;1473.18;1484.25;2.64174E9
9/17/07 12:00 AM;1484.24;1484.24;1471.82;1476.65;2.59839E9
9/18/07 12:00 AM;1476.63;1519.89;1476.63;1519.78;3.70894E9
9/19/07 12:00 AM;1519.75;1538.74;1519.75;1529.03;3.84675E9
9/20/07 12:00 AM;1528.69;1529.14;1516.42;1518.75;2.9577E9
9/21/07 12:00 AM;1518.75;1530.89;1518.75;1525.75;3.67946E9
9/24/07 12:00 AM;1525.75;1530.18;1516.15;1517.73;3.13131E9
9/25/07 12:00 AM;1516.34;1518.27;1507.13;1517.21;3.18777E9
9/26/07 12:00 AM;1518.62;1529.39;1518.62;1525.42;3.23739E9
9/27/07 12:00 AM;1527.32;1532.46;1525.81;1531.38;2.87218E9
9/28/07 12:00 AM;1531.24;1533.74;1521.99;1526.75;2.92535E9
10/1/07 12:00 AM;1527.29;1549.02;1527.25;1547.04;3.28199E9
10/2/07 12:00 AM;1546.96;1548.01;1540.37;1546.63;3.10191E9
10/3/07 12:00 AM;1545.8;1545.84;1536.34;1539.59;3.06532E9
10/4/07 12:00 AM;1539.91;1544.02;1537.63;1542.84;2.69043E9
10/5/07 12:00 AM;1543.84;1561.91;1543.84;1557.59;2.91903E9
10/8/07 12:00 AM;1556.51;1556.51;1549.0;1552.58;2.04065E9
10/9/07 12:00 AM;1553.18;1565.26;1551.82;1565.15;2.93204E9
10/10/07 12:00 AM;1564.98;1565.42;1555.46;1562.47;3.04476E9
10/11/07 12:00 AM;1564.72;1576.09;1546.72;1554.41;3.91126E9
10/12/07 12:00 AM;1555.41;1563.03;1554.09;1561.8;2.78869E9
10/15/07 12:00 AM;1562.25;1564.74;1540.81;1548.71;3.13929E9
10/16/07 12:00 AM;1547.81;1547.81;1536.29;1538.53;3.23456E9
10/17/07 12:00 AM;1544.44;1550.66;1526.01;1541.24;3.63807E9
10/18/07 12:00 AM;1539.29;1542.79;1531.76;1540.08;3.20321E9
10/19/07 12:00 AM;1540.0;1540.0;1500.26;1500.63;4.16097E9
10/22/07 12:00 AM;1497.79;1508.06;1490.4;1506.33;3.47183E9
10/23/07 12:00 AM;1509.3;1520.01;1503.61;1519.59;3.30912E9
10/24/07 12:00 AM;1516.61;1517.23;1489.56;1515.88;4.0033E9
10/25/07 12:00 AM;1516.15;1523.24;1500.46;1514.4;4.18396E9
10/26/07 12:00 AM;1522.17;1535.53;1520.18;1535.28;3.61212E9
10/29/07 12:00 AM;1536.92;1544.67;1536.43;1540.98;3.12448E9
10/30/07 12:00 AM;1539.42;1539.42;1529.55;1531.02;3.21252E9
10/31/07 12:00 AM;1532.15;1552.76;1529.4;1549.38;3.95307E9
11/1/07 12:00 AM;1545.79;1545.79;1506.66;1508.44;4.24147E9
11/2/07 12:00 AM;1511.07;1513.15;1492.53;1509.65;4.28599E9
11/5/07 12:00 AM;1505.61;1510.84;1489.95;1502.17;3.81933E9
11/6/07 12:00 AM;1505.33;1520.77;1499.07;1520.27;3.87916E9
11/7/07 12:00 AM;1515.46;1515.46;1475.04;1475.62;4.35316E9
11/8/07 12:00 AM;1475.27;1482.5;1450.31;1474.77;5.43972E9
11/9/07 12:00 AM;1467.59;1474.09;1448.51;1453.7;4.58705E9
11/12/07 12:00 AM;1453.66;1464.94;1438.53;1439.18;4.19252E9
11/13/07 12:00 AM;1441.35;1481.37;1441.35;1481.05;4.14131E9
11/14/07 12:00 AM;1483.4;1492.14;1466.47;1470.58;4.03147E9
11/15/07 12:00 AM;1468.04;1472.67;1443.49;1451.15;3.94101E9
11/16/07 12:00 AM;1453.09;1462.18;1443.99;1458.74;4.16887E9
11/19/07 12:00 AM;1456.7;1456.7;1430.42;1433.27;4.11965E9
11/20/07 12:00 AM;1434.51;1452.64;1419.28;1439.7;4.87515E9
11/21/07 12:00 AM;1434.71;1436.4;1415.64;1416.77;4.07623E9
11/23/07 12:00 AM;1417.62;1440.86;1417.62;1440.7;1.61272E9
11/26/07 12:00 AM;1440.74;1446.09;1406.1;1407.22;3.70647E9
11/27/07 12:00 AM;1409.59;1429.49;1407.43;1428.23;4.32072E9
11/28/07 12:00 AM;1432.95;1471.62;1432.95;1469.02;4.50802E9
11/29/07 12:00 AM;1467.41;1473.81;1458.36;1469.72;3.52473E9
11/30/07 12:00 AM;1471.83;1488.94;1470.89;1481.14;4.4222E9
12/3/07 12:00 AM;1479.63;1481.16;1470.08;1472.42;3.32325E9
12/4/07 12:00 AM;1471.34;1471.34;1460.66;1462.79;3.34362E9
12/5/07 12:00 AM;1465.22;1486.09;1465.22;1485.01;3.66366E9
12/6/07 12:00 AM;1484.59;1508.02;1482.19;1507.34;3.56857E9
12/7/07 12:00 AM;1508.6;1510.63;1502.66;1504.66;3.17771E9
12/10/07 12:00 AM;1505.11;1518.27;1504.96;1515.96;2.91176E9
12/11/07 12:00 AM;1516.68;1523.57;1475.99;1477.65;4.08018E9
12/12/07 12:00 AM;1487.58;1511.96;1468.23;1486.59;4.48212E9
12/13/07 12:00 AM;1483.27;1489.4;1469.21;1488.41;3.63517E9
12/14/07 12:00 AM;1486.19;1486.67;1467.78;1467.95;3.40105E9
12/17/07 12:00 AM;1465.05;1465.05;1445.43;1445.9;3.56903E9
12/18/07 12:00 AM;1445.92;1460.16;1435.65;1454.98;3.72369E9
12/19/07 12:00 AM;1454.7;1464.42;1445.31;1453.0;3.4013E9
12/20/07 12:00 AM;1456.42;1461.53;1447.22;1460.12;3.52689E9
12/21/07 12:00 AM;1463.19;1485.4;1463.19;1484.46;4.50859E9
12/24/07 12:00 AM;1484.55;1497.63;1484.55;1496.45;1.26742E9
12/26/07 12:00 AM;1495.12;1498.85;1488.2;1497.66;2.0105E9
12/27/07 12:00 AM;1495.05;1495.05;1475.86;1476.27;2.36577E9
12/28/07 12:00 AM;1479.83;1488.01;1471.7;1478.49;2.42051E9
12/31/07 12:00 AM;1475.25;1475.83;1465.13;1468.36;2.44088E9
1/2/08 12:00 AM;1467.97;1471.77;1442.07;1447.16;3.45265E9
1/3/08 12:00 AM;1447.55;1456.8;1443.73;1447.16;3.4295E9
1/4/08 12:00 AM;1444.01;1444.01;1411.19;1411.63;4.166E9
1/7/08 12:00 AM;1414.07;1423.87;1403.45;1416.18;4.22126E9
1/8/08 12:00 AM;1415.71;1430.28;1388.3;1390.19;4.70539E9
1/9/08 12:00 AM;1390.25;1409.19;1378.7;1409.13;5.35103E9
1/10/08 12:00 AM;1406.78;1429.09;1395.31;1420.33;5.17049E9
1/11/08 12:00 AM;1419.91;1419.91;1394.83;1401.02;4.49584E9
1/14/08 12:00 AM;1402.91;1417.89;1402.91;1416.25;3.68209E9
1/15/08 12:00 AM;1411.88;1411.88;1380.6;1380.95;4.60164E9
1/16/08 12:00 AM;1377.41;1391.99;1364.27;1373.2;5.44062E9
1/17/08 12:00 AM;1374.79;1377.72;1330.67;1333.25;5.30313E9
1/18/08 12:00 AM;1333.9;1350.28;1312.51;1325.19;6.00484E9
1/22/08 12:00 AM;1312.94;1322.09;1274.29;1310.5;6.54469E9
1/23/08 12:00 AM;1310.41;1339.09;1270.05;1338.6;3.24168E9
1/24/08 12:00 AM;1340.13;1355.15;1334.31;1352.07;5.7353E9
1/25/08 12:00 AM;1357.32;1368.56;1327.5;1330.61;4.88225E9
1/28/08 12:00 AM;1330.7;1353.97;1322.26;1353.96;4.10093E9
1/29/08 12:00 AM;1355.94;1364.93;1350.19;1362.3;4.23296E9
1/30/08 12:00 AM;1362.22;1385.86;1352.95;1355.81;4.74276E9
1/31/08 12:00 AM;1351.98;1385.62;1334.08;1378.55;4.97029E9
2/1/08 12:00 AM;1378.6;1396.02;1375.93;1395.42;4.65077E9
2/4/08 12:00 AM;1395.38;1395.38;1379.69;1380.82;3.49578E9
2/5/08 12:00 AM;1380.28;1380.28;1336.64;1336.64;4.31574E9
2/6/08 12:00 AM;1339.48;1351.96;1324.34;1326.45;4.00812E9
2/7/08 12:00 AM;1324.01;1347.16;1316.75;1336.91;4.58916E9
2/8/08 12:00 AM;1336.88;1341.22;1321.06;1331.29;3.76849E9
2/11/08 12:00 AM;1331.92;1341.4;1320.32;1339.13;3.59314E9
2/12/08 12:00 AM;1340.55;1362.1;1339.36;1348.86;4.04464E9
2/13/08 12:00 AM;1353.12;1369.23;1350.78;1367.21;3.85642E9
2/14/08 12:00 AM;1367.33;1368.16;1347.31;1348.86;3.64476E9
2/15/08 12:00 AM;1347.52;1350.0;1338.13;1349.99;3.5833E9
2/19/08 12:00 AM;1355.86;1367.28;1345.05;1348.78;3.61355E9
2/20/08 12:00 AM;1348.39;1363.71;1336.55;1360.03;3.87052E9
2/21/08 12:00 AM;1362.21;1367.94;1339.34;1342.53;3.69666E9
2/22/08 12:00 AM;1344.22;1354.3;1327.04;1353.11;3.57266E9
2/25/08 12:00 AM;1352.75;1374.36;1346.03;1371.8;3.86635E9
2/26/08 12:00 AM;1371.76;1387.34;1363.29;1381.29;4.09606E9
2/27/08 12:00 AM;1378.95;1388.34;1372.0;1380.02;3.9047E9
2/28/08 12:00 AM;1378.16;1378.16;1363.16;1367.68;3.93858E9
2/29/08 12:00 AM;1364.07;1364.07;1325.42;1330.63;4.42673E9
3/3/08 12:00 AM;1330.45;1335.13;1320.04;1331.34;4.11757E9
3/4/08 12:00 AM;1329.58;1331.03;1307.39;1326.75;4.75718E9
3/5/08 12:00 AM;1327.69;1344.19;1320.22;1333.7;4.27771E9
3/6/08 12:00 AM;1332.2;1332.2;1303.42;1304.34;4.32346E9
3/7/08 12:00 AM;1301.53;1313.24;1282.43;1293.37;4.56541E9
3/10/08 12:00 AM;1293.16;1295.01;1272.66;1273.37;4.26124E9
3/11/08 12:00 AM;1274.4;1320.65;1274.4;1320.65;5.10908E9
3/12/08 12:00 AM;1321.13;1333.26;1307.86;1308.77;4.41428E9
3/13/08 12:00 AM;1305.26;1321.68;1282.11;1315.48;5.07336E9
3/14/08 12:00 AM;1316.05;1321.47;1274.86;1288.14;5.15378E9
3/17/08 12:00 AM;1283.21;1287.5;1256.98;1276.6;5.68301E9
3/18/08 12:00 AM;1277.16;1330.74;1277.16;1330.74;5.33563E9
3/19/08 12:00 AM;1330.97;1341.51;1298.42;1298.42;1.20383E9
3/20/08 12:00 AM;1299.67;1330.67;1295.22;1329.51;6.14522E9
3/24/08 12:00 AM;1330.29;1359.68;1330.29;1349.88;4.499E9
3/25/08 12:00 AM;1349.07;1357.47;1341.21;1352.99;4.14512E9
3/26/08 12:00 AM;1352.45;1352.45;1336.41;1341.13;4.05567E9
3/27/08 12:00 AM;1340.34;1345.62;1325.66;1325.76;4.03793E9
3/28/08 12:00 AM;1327.02;1334.87;1312.95;1315.22;3.68698E9
3/31/08 12:00 AM;1315.92;1328.52;1312.81;1322.7;4.18899E9
4/1/08 12:00 AM;1326.41;1370.18;1326.41;1370.18;4.74512E9
4/2/08 12:00 AM;1369.96;1377.95;1361.55;1367.53;4.32044E9
4/3/08 12:00 AM;1365.69;1375.66;1358.68;1369.31;3.9201E9
4/4/08 12:00 AM;1369.85;1380.91;1362.83;1370.4;3.7031E9
4/7/08 12:00 AM;1373.69;1386.74;1369.02;1372.54;3.74778E9
4/8/08 12:00 AM;1370.16;1370.16;1360.62;1365.54;3.6025E9
4/9/08 12:00 AM;1365.5;1368.39;1349.97;1354.49;3.55667E9
4/10/08 12:00 AM;1355.37;1367.24;1350.11;1360.55;3.68615E9
4/11/08 12:00 AM;1357.98;1357.98;1331.21;1332.83;3.72379E9
4/14/08 12:00 AM;1332.2;1335.64;1326.16;1328.32;3.56502E9
4/15/08 12:00 AM;1331.72;1337.72;1324.35;1334.43;3.58123E9
4/16/08 12:00 AM;1337.02;1365.49;1337.02;1364.71;4.26037E9
4/17/08 12:00 AM;1363.37;1368.6;1357.25;1365.56;3.71388E9
4/18/08 12:00 AM;1369.0;1395.9;1369.0;1390.33;4.22238E9
4/21/08 12:00 AM;1387.72;1390.23;1379.25;1388.17;3.42057E9
4/22/08 12:00 AM;1386.43;1386.43;1369.84;1375.94;3.8219E9
4/23/08 12:00 AM;1378.4;1387.87;1372.24;1379.93;4.10361E9
4/24/08 12:00 AM;1380.52;1397.72;1371.09;1388.82;4.46166E9
4/25/08 12:00 AM;1387.88;1399.11;1379.98;1397.84;3.89115E9
4/28/08 12:00 AM;1397.96;1402.9;1394.4;1396.37;3.607E9
4/29/08 12:00 AM;1395.61;1397.0;1386.7;1390.94;3.81532E9
4/30/08 12:00 AM;1391.22;1404.57;1384.25;1385.59;4.50889E9
5/1/08 12:00 AM;1385.97;1410.07;1383.07;1409.34;4.44878E9
5/2/08 12:00 AM;1409.16;1422.72;1406.25;1413.9;3.95303E9
5/5/08 12:00 AM;1415.34;1415.34;1404.37;1407.49;3.41009E9
5/6/08 12:00 AM;1405.6;1421.57;1397.1;1418.26;3.9241E9
5/7/08 12:00 AM;1417.49;1419.54;1391.16;1392.57;4.07586E9
5/8/08 12:00 AM;1394.29;1402.35;1389.39;1397.68;3.82755E9
5/9/08 12:00 AM;1394.9;1394.9;1384.11;1388.28;3.51862E9
5/12/08 12:00 AM;1389.4;1404.06;1386.2;1403.58;3.37063E9
5/13/08 12:00 AM;1404.4;1406.3;1396.26;1403.04;4.01859E9
5/14/08 12:00 AM;1405.65;1420.19;1405.65;1408.66;3.97937E9
5/15/08 12:00 AM;1408.36;1424.4;1406.87;1423.57;3.83648E9
5/16/08 12:00 AM;1423.89;1425.82;1414.35;1425.35;3.84259E9
5/19/08 12:00 AM;1425.28;1440.24;1421.63;1426.63;3.68397E9
5/20/08 12:00 AM;1424.49;1424.49;1409.09;1413.4;3.85432E9
5/21/08 12:00 AM;1414.06;1419.12;1388.81;1390.71;4.51799E9
5/22/08 12:00 AM;1390.83;1399.07;1390.23;1394.35;3.95596E9
5/23/08 12:00 AM;1392.2;1392.2;1373.72;1375.93;3.51638E9
5/27/08 12:00 AM;1375.97;1387.4;1373.07;1385.35;3.58886E9
5/28/08 12:00 AM;1386.54;1391.25;1378.16;1390.84;3.92724E9
5/29/08 12:00 AM;1390.5;1406.32;1388.59;1398.26;3.89444E9
5/30/08 12:00 AM;1398.36;1404.46;1398.08;1400.38;3.84563E9
6/2/08 12:00 AM;1399.62;1399.62;1377.79;1385.67;3.71432E9
6/3/08 12:00 AM;1386.42;1393.12;1370.12;1377.65;4.39638E9
6/4/08 12:00 AM;1376.26;1388.18;1371.74;1377.2;4.33864E9
6/5/08 12:00 AM;1377.48;1404.05;1377.48;1404.05;4.35079E9
6/6/08 12:00 AM;1400.06;1400.06;1359.9;1360.68;4.77166E9
6/9/08 12:00 AM;1360.83;1370.63;1350.62;1361.76;4.40457E9
6/10/08 12:00 AM;1358.98;1366.84;1351.56;1358.44;4.63507E9
6/11/08 12:00 AM;1357.09;1357.09;1335.47;1335.49;4.77998E9
6/12/08 12:00 AM;1335.78;1353.03;1331.29;1339.87;4.73424E9
6/13/08 12:00 AM;1341.81;1360.03;1341.71;1360.03;4.08042E9
6/16/08 12:00 AM;1358.85;1364.7;1352.07;1360.14;3.70694E9
6/17/08 12:00 AM;1360.71;1366.59;1350.54;1350.93;3.80196E9
6/18/08 12:00 AM;1349.59;1349.59;1333.4;1337.81;4.57357E9
6/19/08 12:00 AM;1336.89;1347.66;1330.5;1342.83;4.81167E9
6/20/08 12:00 AM;1341.02;1341.02;1314.46;1317.93;5.3249E9
6/23/08 12:00 AM;1319.77;1323.78;1315.31;1318.0;4.18637E9
6/24/08 12:00 AM;1317.23;1326.02;1304.42;1314.29;4.70505E9
6/25/08 12:00 AM;1314.54;1335.63;1314.54;1321.97;4.82564E9
6/26/08 12:00 AM;1316.29;1316.29;1283.15;1283.15;5.23128E9
6/27/08 12:00 AM;1283.6;1289.45;1272.0;1278.38;6.20826E9
6/30/08 12:00 AM;1278.06;1290.31;1274.86;1280.0;5.03233E9
7/1/08 12:00 AM;1276.69;1285.31;1260.68;1284.91;5.84629E9
7/2/08 12:00 AM;1285.82;1292.17;1261.51;1261.52;5.27609E9
7/3/08 12:00 AM;1262.96;1271.48;1252.01;1262.9;3.24759E9
7/7/08 12:00 AM;1262.9;1273.95;1240.68;1252.31;5.26542E9
7/8/08 12:00 AM;1251.84;1274.17;1242.84;1273.7;6.03411E9
7/9/08 12:00 AM;1273.38;1277.36;1244.57;1244.69;5.181E9
7/10/08 12:00 AM;1245.25;1257.65;1236.76;1253.39;5.84043E9
7/11/08 12:00 AM;1248.66;1257.27;1225.35;1239.49;6.7422E9
7/14/08 12:00 AM;1241.61;1253.5;1225.01;1228.3;5.43486E9
7/15/08 12:00 AM;1226.83;1234.35;1200.44;1214.91;7.36364E9
7/16/08 12:00 AM;1214.65;1245.52;1211.39;1245.36;6.7386304E9
7/17/08 12:00 AM;1246.31;1262.31;1241.49;1260.32;7.3652096E9
7/18/08 12:00 AM;1258.22;1262.23;1251.81;1260.68;5.65328E9
7/21/08 12:00 AM;1261.82;1267.74;1255.7;1260.0;4.63064E9
7/22/08 12:00 AM;1257.08;1277.42;1248.83;1277.0;6.18023E9
7/23/08 12:00 AM;1278.87;1291.17;1276.06;1282.19;6.70583E9
7/24/08 12:00 AM;1283.22;1283.22;1251.48;1252.54;6.12798E9
7/25/08 12:00 AM;1253.51;1263.23;1251.75;1257.76;4.67256E9
7/28/08 12:00 AM;1257.76;1260.09;1234.37;1234.37;4.28296E9
7/29/08 12:00 AM;1236.38;1263.2;1236.38;1263.2;5.41424E9
7/30/08 12:00 AM;1264.52;1284.33;1264.52;1284.26;5.63133E9
7/31/08 12:00 AM;1281.37;1284.93;1265.97;1267.38;5.34605E9
8/1/08 12:00 AM;1269.42;1270.52;1254.54;1260.31;4.68487E9
8/4/08 12:00 AM;1253.27;1260.49;1247.45;1249.01;4.56228E9
8/5/08 12:00 AM;1254.87;1284.88;1254.67;1284.88;1.21931E9
8/6/08 12:00 AM;1283.99;1291.67;1276.0;1289.19;4.87342E9
8/7/08 12:00 AM;1286.51;1286.51;1264.29;1266.07;5.31938E9
8/8/08 12:00 AM;1266.29;1297.85;1262.11;1296.32;4.96681E9
8/11/08 12:00 AM;1294.42;1313.15;1291.41;1305.32;5.06731E9
8/12/08 12:00 AM;1304.79;1304.79;1285.64;1289.59;4.71129E9
8/13/08 12:00 AM;1288.64;1294.03;1274.86;1285.83;4.7876E9
8/14/08 12:00 AM;1282.11;1300.11;1276.84;1292.93;4.064E9
8/15/08 12:00 AM;1293.85;1302.05;1290.74;1298.2;4.04182E9
8/18/08 12:00 AM;1298.14;1300.22;1274.51;1278.6;3.82929E9
8/19/08 12:00 AM;1276.65;1276.65;1263.11;1266.69;4.15976E9
8/20/08 12:00 AM;1267.34;1276.01;1261.16;1274.54;4.55503E9
8/21/08 12:00 AM;1271.07;1281.4;1265.22;1277.72;4.03259E9
8/22/08 12:00 AM;1277.59;1293.09;1277.59;1292.2;3.74107E9
8/25/08 12:00 AM;1290.47;1290.47;1264.87;1266.84;3.4206E9
8/26/08 12:00 AM;1267.03;1275.65;1263.21;1271.51;3.58757E9
8/27/08 12:00 AM;1271.29;1285.05;1270.03;1281.66;3.49961E9
8/28/08 12:00 AM;1283.79;1300.68;1283.79;1300.68;3.85428E9
8/29/08 12:00 AM;1296.49;1297.59;1282.74;1282.83;3.28812E9
9/2/08 12:00 AM;1287.83;1303.04;1272.2;1277.58;4.78356E9
9/3/08 12:00 AM;1276.61;1280.6;1265.59;1274.98;5.05698E9
9/4/08 12:00 AM;1271.8;1271.8;1232.83;1236.83;5.2125E9
9/5/08 12:00 AM;1233.21;1244.94;1217.23;1242.31;5.01708E9
9/8/08 12:00 AM;1249.5;1274.42;1247.12;1267.79;7.35134E9
9/9/08 12:00 AM;1267.98;1268.66;1224.51;1224.51;7.3806304E9
9/10/08 12:00 AM;1227.5;1243.9;1221.6;1232.04;6.54344E9
9/11/08 12:00 AM;1229.04;1249.98;1211.54;1249.05;6.8692496E9
9/12/08 12:00 AM;1245.88;1255.09;1233.81;1251.7;6.27326E9
9/15/08 12:00 AM;1250.92;1250.92;1192.7;1192.7;8.2795104E9
9/16/08 12:00 AM;1188.31;1214.84;1169.28;1213.6;9.4598304E9
9/17/08 12:00 AM;1210.34;1210.34;1155.88;1156.39;9.4318704E9
9/18/08 12:00 AM;1157.08;1211.14;1133.5;1206.51;1.00826896E10
9/19/08 12:00 AM;1213.11;1265.12;1213.11;1255.08;9.3871696E9
9/22/08 12:00 AM;1255.37;1255.37;1205.61;1207.09;5.33213E9
9/23/08 12:00 AM;1207.61;1221.15;1187.06;1188.22;5.18573E9
9/24/08 12:00 AM;1188.79;1197.41;1179.79;1185.87;4.82036E9
9/25/08 12:00 AM;1187.87;1220.03;1187.87;1209.18;5.87764E9
9/26/08 12:00 AM;1204.47;1215.77;1187.54;1213.27;5.38361E9
9/29/08 12:00 AM;1209.07;1209.07;1106.42;1106.42;7.30506E9
9/30/08 12:00 AM;1113.78;1168.03;1113.78;1166.36;4.93768E9
10/1/08 12:00 AM;1164.17;1167.03;1140.77;1161.06;5.78213E9
10/2/08 12:00 AM;1160.64;1160.64;1111.43;1114.28;6.28564E9
10/3/08 12:00 AM;1115.16;1153.82;1098.14;1099.23;6.71612E9
10/6/08 12:00 AM;1097.56;1097.56;1007.97;1056.89;7.95602E9
10/7/08 12:00 AM;1057.6;1072.91;996.23;996.23;7.0692096E9
10/8/08 12:00 AM;988.91;1021.06;970.97;984.94;8.7163296E9
10/9/08 12:00 AM;988.42;1005.25;909.19;909.92;6.819E9
10/10/08 12:00 AM;902.31;936.36;839.8;899.22;1.14562304E10
10/13/08 12:00 AM;912.75;1006.93;912.75;1003.35;7.2633696E9
10/14/08 12:00 AM;1009.97;1044.31;972.07;998.01;8.1619904E9
10/15/08 12:00 AM;994.6;994.6;903.99;907.84;6.54233E9
10/16/08 12:00 AM;909.53;947.71;865.83;946.43;7.9845E9
10/17/08 12:00 AM;942.29;984.64;918.74;940.55;6.58178E9
10/20/08 12:00 AM;943.51;985.4;943.51;985.4;5.17564E9
10/21/08 12:00 AM;980.4;985.44;952.47;955.05;5.12183E9
10/22/08 12:00 AM;951.67;951.67;875.81;896.78;6.14798E9
10/23/08 12:00 AM;899.08;922.83;858.44;908.11;7.18418E9
10/24/08 12:00 AM;895.22;896.3;852.85;876.77;6.55005E9
10/27/08 12:00 AM;874.28;893.78;846.75;848.92;5.55805E9
10/28/08 12:00 AM;848.92;940.51;845.27;940.51;7.0969504E9
10/29/08 12:00 AM;939.51;969.97;922.26;930.09;7.0778E9
10/30/08 12:00 AM;939.38;963.23;928.5;954.09;6.17583E9
10/31/08 12:00 AM;953.11;984.38;944.59;968.75;6.39435E9
11/3/08 12:00 AM;968.67;975.57;958.82;966.3;4.49228E9
11/4/08 12:00 AM;971.31;1007.51;971.31;1005.75;5.53129E9
11/5/08 12:00 AM;1001.84;1001.84;949.86;952.77;5.42664E9
11/6/08 12:00 AM;952.4;952.4;899.73;904.88;6.10223E9
11/7/08 12:00 AM;907.44;931.46;906.9;930.99;4.93164E9
11/10/08 12:00 AM;936.75;951.95;907.47;919.21;4.572E9
11/11/08 12:00 AM;917.15;917.15;884.9;898.95;4.99834E9
11/12/08 12:00 AM;893.39;893.39;850.48;852.3;5.76418E9
11/13/08 12:00 AM;853.13;913.01;818.69;911.29;7.84912E9
11/14/08 12:00 AM;904.36;916.88;869.88;873.29;5.88103E9
11/17/08 12:00 AM;873.23;882.29;848.98;850.75;4.92749E9
11/18/08 12:00 AM;852.34;865.9;826.84;859.12;6.67947E9
11/19/08 12:00 AM;859.03;864.57;806.18;806.58;6.5486E9
11/20/08 12:00 AM;805.87;820.52;747.78;752.44;9.09374E9
11/21/08 12:00 AM;755.84;801.2;741.02;800.03;9.4959E9
11/24/08 12:00 AM;801.2;865.6;801.2;851.81;7.87944E9
11/25/08 12:00 AM;853.4;868.94;834.99;857.39;6.9527E9
11/26/08 12:00 AM;852.9;887.68;841.37;887.68;5.79326E9
11/28/08 12:00 AM;886.89;896.25;881.21;896.24;2.74086E9
12/1/08 12:00 AM;888.61;888.61;815.69;816.21;6.05201E9
12/2/08 12:00 AM;817.94;850.54;817.94;848.81;6.1701E9
12/3/08 12:00 AM;843.6;873.12;827.6;870.74;6.22188E9
12/4/08 12:00 AM;869.75;875.6;833.6;845.22;5.86039E9
12/5/08 12:00 AM;844.43;879.42;818.41;876.07;6.16537E9
12/8/08 12:00 AM;882.71;918.57;882.71;909.7;6.5536E9
12/9/08 12:00 AM;906.48;916.26;885.38;888.67;5.69311E9
12/10/08 12:00 AM;892.17;908.27;885.45;899.24;5.94213E9
12/11/08 12:00 AM;898.35;904.63;868.73;873.59;5.51384E9
12/12/08 12:00 AM;871.79;883.24;851.35;879.73;5.95959E9
12/15/08 12:00 AM;881.07;884.63;857.72;868.57;4.98239E9
12/16/08 12:00 AM;871.53;914.66;871.53;913.18;6.00978E9
12/17/08 12:00 AM;908.16;918.85;895.94;904.42;5.90738E9
12/18/08 12:00 AM;905.98;911.02;877.44;885.28;5.675E9
12/19/08 12:00 AM;886.96;905.47;883.02;887.88;6.70531E9
12/22/08 12:00 AM;887.2;887.37;857.09;871.63;4.86985E9
12/23/08 12:00 AM;874.31;880.44;860.1;863.16;4.05197E9
12/24/08 12:00 AM;863.87;869.79;861.44;868.15;1.54655E9
12/26/08 12:00 AM;869.51;873.74;866.52;872.8;1.88005E9
12/29/08 12:00 AM;872.37;873.7;857.07;869.42;3.32343E9
12/30/08 12:00 AM;870.58;891.12;870.58;890.64;3.6278E9
12/31/08 12:00 AM;890.59;910.32;889.67;903.25;4.17294E9
1/2/09 12:00 AM;902.99;934.73;899.35;931.8;4.04827E9
1/5/09 12:00 AM;929.17;936.63;919.53;927.45;5.41391E9
1/6/09 12:00 AM;931.17;943.85;927.28;934.7;5.39262E9
1/7/09 12:00 AM;927.45;927.45;902.37;906.65;4.70494E9
1/8/09 12:00 AM;905.73;910.0;896.81;909.73;4.99155E9
1/9/09 12:00 AM;909.91;911.93;888.31;890.35;4.7165E9
1/12/09 12:00 AM;890.4;890.4;864.32;870.26;4.72505E9
1/13/09 12:00 AM;869.79;877.02;862.02;871.79;5.01747E9
1/14/09 12:00 AM;867.28;867.28;836.93;842.62;5.40788E9
1/15/09 12:00 AM;841.99;851.59;817.04;843.74;7.8073504E9
1/16/09 12:00 AM;844.45;858.13;830.66;850.12;6.78604E9
1/20/09 12:00 AM;849.64;849.64;804.47;805.22;6.37523E9
1/21/09 12:00 AM;806.77;841.72;804.3;840.24;6.46783E9
1/22/09 12:00 AM;839.74;839.74;811.29;827.5;5.84383E9
1/23/09 12:00 AM;822.16;838.61;806.07;831.95;5.83216E9
1/26/09 12:00 AM;832.5;852.53;827.69;836.57;6.03994E9
1/27/09 12:00 AM;837.3;850.45;835.4;845.71;5.35326E9
1/28/09 12:00 AM;845.73;877.86;845.73;874.09;6.19918E9
1/29/09 12:00 AM;868.89;868.89;844.15;845.14;5.06706E9
1/30/09 12:00 AM;845.69;851.66;821.67;825.88;5.35058E9
2/2/09 12:00 AM;823.09;830.78;812.87;825.44;5.67327E9
2/3/09 12:00 AM;825.69;842.6;821.98;838.51;5.88631E9
2/4/09 12:00 AM;837.77;851.85;829.18;832.23;6.42045E9
2/5/09 12:00 AM;831.75;850.55;819.91;845.85;6.62403E9
2/6/09 12:00 AM;846.09;870.75;845.42;868.6;6.4841E9
2/9/09 12:00 AM;868.24;875.01;861.65;869.89;5.57437E9
2/10/09 12:00 AM;866.87;868.05;822.99;827.16;6.7701696E9
2/11/09 12:00 AM;827.41;838.22;822.3;833.74;5.92646E9
2/12/09 12:00 AM;829.91;835.48;808.06;835.19;6.47646E9
2/13/09 12:00 AM;833.95;839.43;825.21;826.84;5.29665E9
2/17/09 12:00 AM;818.61;818.61;789.17;789.17;5.90782E9
2/18/09 12:00 AM;791.06;796.17;780.43;788.42;5.74071E9
2/19/09 12:00 AM;787.91;797.58;777.03;778.94;5.74694E9
2/20/09 12:00 AM;775.87;778.69;754.25;770.05;8.2105904E9
2/23/09 12:00 AM;773.25;777.85;742.37;743.33;6.5093E9
2/24/09 12:00 AM;744.69;775.49;744.69;773.14;7.2344896E9
2/25/09 12:00 AM;770.64;780.12;752.89;764.9;7.48364E9
2/26/09 12:00 AM;765.76;779.42;751.75;752.83;7.5999696E9
2/27/09 12:00 AM;749.93;751.27;734.52;735.09;8.92648E9
3/2/09 12:00 AM;729.57;729.57;699.7;700.82;7.8682896E9
3/3/09 12:00 AM;704.44;711.67;692.3;696.33;7.5832304E9
3/4/09 12:00 AM;698.6;724.12;698.6;712.87;7.67362E9
3/5/09 12:00 AM;708.27;708.27;677.93;682.55;7.5072496E9
3/6/09 12:00 AM;684.04;699.09;666.79;683.38;7.3318304E9
3/9/09 12:00 AM;680.76;695.27;672.88;676.53;7.27732E9
3/10/09 12:00 AM;679.28;719.6;679.28;719.6;8.6183296E9
3/11/09 12:00 AM;719.59;731.92;713.85;721.36;7.2878096E9
3/12/09 12:00 AM;720.89;752.63;714.76;750.74;7.3266304E9
3/13/09 12:00 AM;751.97;758.29;742.46;756.55;6.7870896E9
3/16/09 12:00 AM;758.84;774.53;753.37;753.89;7.88354E9
3/17/09 12:00 AM;753.88;778.12;749.93;778.12;6.1568E9
3/18/09 12:00 AM;776.01;803.04;765.64;794.35;9.0984496E9
3/19/09 12:00 AM;797.92;803.24;781.82;784.04;9.0338704E9
3/20/09 12:00 AM;784.58;788.91;766.2;768.54;7.64372E9
3/23/09 12:00 AM;772.31;823.37;772.31;822.92;7.7157696E9
3/24/09 12:00 AM;820.6;823.65;805.48;806.12;6.76798E9
3/25/09 12:00 AM;806.81;826.78;791.37;813.88;7.68718E9
3/26/09 12:00 AM;814.06;832.98;814.06;832.86;6.99296E9
3/27/09 12:00 AM;828.68;828.68;813.43;815.94;5.60021E9
3/30/09 12:00 AM;809.07;809.07;779.81;787.53;5.91266E9
3/31/09 12:00 AM;790.88;810.48;790.88;797.87;6.0891E9
4/1/09 12:00 AM;793.59;813.62;783.32;811.08;6.03414E9
4/2/09 12:00 AM;814.53;845.61;814.53;834.38;7.5428096E9
4/3/09 12:00 AM;835.13;842.5;826.7;842.5;5.85564E9
4/6/09 12:00 AM;839.75;839.75;822.79;835.48;6.21E9
4/7/09 12:00 AM;834.12;834.12;814.53;815.55;5.15558E9
4/8/09 12:00 AM;816.76;828.42;814.84;825.16;5.93846E9
4/9/09 12:00 AM;829.29;856.91;829.29;856.56;7.6007104E9
4/13/09 12:00 AM;855.33;864.31;845.35;858.73;6.43489E9
4/14/09 12:00 AM;856.88;856.88;840.25;841.5;7.56984E9
4/15/09 12:00 AM;839.44;852.93;835.58;852.06;6.2411E9
4/16/09 12:00 AM;854.54;870.35;847.04;865.3;6.59867E9
4/17/09 12:00 AM;865.18;875.63;860.87;869.6;7.3520096E9
4/20/09 12:00 AM;868.27;868.27;832.39;832.39;6.97396E9
4/21/09 12:00 AM;831.25;850.09;826.83;850.08;7.4364896E9
4/22/09 12:00 AM;847.26;861.78;840.57;843.55;7.32786E9
4/23/09 12:00 AM;844.62;852.87;835.45;851.92;6.5631E9
4/24/09 12:00 AM;853.91;871.8;853.91;866.23;7.11444E9
4/27/09 12:00 AM;862.82;868.83;854.65;857.51;5.61346E9
4/28/09 12:00 AM;854.48;864.48;847.12;855.16;6.328E9
4/29/09 12:00 AM;856.85;882.06;856.85;873.64;6.10162E9
4/30/09 12:00 AM;876.59;888.7;868.51;872.81;6.86254E9
5/1/09 12:00 AM;872.74;880.48;866.1;877.52;5.31217E9
5/4/09 12:00 AM;879.21;907.85;879.21;907.24;7.03884E9
5/5/09 12:00 AM;906.1;907.7;897.34;903.8;6.88286E9
5/6/09 12:00 AM;903.95;920.28;903.95;919.53;8.55504E9
5/7/09 12:00 AM;919.58;929.58;901.36;907.39;9.1201E9
5/8/09 12:00 AM;909.03;930.17;909.03;929.23;8.16328E9
5/11/09 12:00 AM;922.99;922.99;908.68;909.24;6.1506E9
5/12/09 12:00 AM;910.52;915.57;896.46;908.35;6.8717504E9
5/13/09 12:00 AM;905.4;905.4;882.8;883.92;7.09182E9
5/14/09 12:00 AM;884.24;898.36;882.52;893.07;6.13487E9
5/15/09 12:00 AM;892.76;896.97;878.94;882.88;5.43972E9
5/18/09 12:00 AM;886.07;910.0;886.07;909.71;5.70215E9
5/19/09 12:00 AM;909.67;916.39;905.22;908.13;6.61627E9
5/20/09 12:00 AM;908.62;924.6;901.37;903.47;8.20506E9
5/21/09 12:00 AM;900.42;900.42;879.61;888.33;6.01984E9
5/22/09 12:00 AM;888.68;896.65;883.75;887.0;5.15532E9
5/26/09 12:00 AM;887.0;911.76;881.46;910.33;5.66705E9
5/27/09 12:00 AM;909.95;913.84;891.87;893.06;5.6988E9
5/28/09 12:00 AM;892.96;909.45;887.6;906.83;5.73898E9
5/29/09 12:00 AM;907.02;920.02;903.56;919.14;6.05042E9
6/1/09 12:00 AM;923.26;947.77;923.26;942.87;6.37044E9
6/2/09 12:00 AM;942.87;949.38;938.46;944.74;5.98734E9
6/3/09 12:00 AM;942.51;942.51;923.85;931.76;5.32377E9
6/4/09 12:00 AM;932.49;942.47;929.32;942.46;5.35289E9
6/5/09 12:00 AM;945.67;951.69;934.13;940.09;5.27791E9
6/8/09 12:00 AM;938.12;946.33;926.44;939.14;4.48343E9
6/9/09 12:00 AM;940.35;946.92;936.15;942.43;4.43995E9
6/10/09 12:00 AM;942.73;949.77;927.97;939.15;5.37942E9
6/11/09 12:00 AM;939.04;956.23;939.04;944.89;5.50084E9
6/12/09 12:00 AM;943.44;946.3;935.66;946.21;4.52812E9
6/15/09 12:00 AM;942.45;942.45;919.65;923.72;4.69788E9
6/16/09 12:00 AM;925.6;928.0;911.6;911.97;4.9512E9
6/17/09 12:00 AM;911.89;918.44;903.78;910.71;5.52365E9
6/18/09 12:00 AM;910.86;921.93;907.94;918.37;4.68401E9
6/19/09 12:00 AM;919.96;927.09;915.8;921.23;5.71339E9
6/22/09 12:00 AM;918.13;918.13;893.04;893.04;4.90394E9
6/23/09 12:00 AM;893.46;898.69;888.86;895.1;5.07102E9
6/24/09 12:00 AM;896.31;910.85;896.31;900.94;4.63672E9
6/25/09 12:00 AM;899.45;921.42;896.27;920.26;4.91124E9
6/26/09 12:00 AM;918.84;922.0;913.03;918.9;6.07666E9
6/29/09 12:00 AM;919.86;927.99;916.18;927.23;4.21176E9
6/30/09 12:00 AM;927.15;930.01;912.86;919.32;4.62757E9
7/1/09 12:00 AM;920.82;931.92;920.82;923.33;3.9194E9
7/2/09 12:00 AM;921.24;921.24;896.42;896.42;3.931E9
7/6/09 12:00 AM;894.27;898.72;886.36;898.72;4.71258E9
7/7/09 12:00 AM;898.6;898.6;879.93;881.03;4.6733E9
7/8/09 12:00 AM;881.9;886.8;869.32;879.56;5.72178E9
7/9/09 12:00 AM;881.28;887.86;878.45;882.68;4.34717E9
7/10/09 12:00 AM;880.03;883.57;872.81;879.13;3.91208E9
7/13/09 12:00 AM;879.57;901.05;875.32;901.05;4.49944E9
7/14/09 12:00 AM;900.77;905.84;896.5;905.84;4.14903E9
7/15/09 12:00 AM;910.15;933.95;910.15;932.68;5.23883E9
7/16/09 12:00 AM;930.17;943.96;927.45;940.74;4.89864E9
7/17/09 12:00 AM;940.56;941.89;934.65;940.38;5.14138E9
7/20/09 12:00 AM;942.07;951.62;940.99;951.13;4.85315E9
7/21/09 12:00 AM;951.97;956.53;943.22;954.58;5.3093E9
7/22/09 12:00 AM;953.4;959.83;947.75;954.07;4.6341E9
7/23/09 12:00 AM;954.07;979.42;953.27;976.29;5.76165E9
7/24/09 12:00 AM;972.16;979.79;965.95;979.26;4.4583E9
7/27/09 12:00 AM;978.63;982.49;972.29;982.18;4.63129E9
7/28/09 12:00 AM;981.48;982.35;969.35;979.62;5.49035E9
7/29/09 12:00 AM;977.66;977.76;968.65;975.15;5.17877E9
7/30/09 12:00 AM;976.01;996.68;976.01;986.75;6.03518E9
7/31/09 12:00 AM;986.8;993.18;982.85;987.48;5.13907E9
8/3/09 12:00 AM;990.22;1003.61;990.22;1002.63;5.60344E9
8/4/09 12:00 AM;1001.41;1007.12;996.68;1005.65;5.7137E9
8/5/09 12:00 AM;1005.41;1006.64;994.31;1002.72;7.24212E9
8/6/09 12:00 AM;1004.06;1008.0;992.49;997.08;6.75338E9
8/7/09 12:00 AM;999.83;1018.0;999.83;1010.48;6.8270896E9
8/10/09 12:00 AM;1008.89;1010.12;1000.99;1007.1;5.40608E9
8/11/09 12:00 AM;1005.77;1005.77;992.4;994.35;5.77316E9
8/12/09 12:00 AM;994.0;1012.78;993.36;1005.81;5.49817E9
8/13/09 12:00 AM;1005.86;1013.14;1000.82;1012.73;5.25066E9
8/14/09 12:00 AM;1012.23;1012.6;994.6;1004.09;4.94075E9
8/17/09 12:00 AM;998.18;998.18;978.51;979.73;4.08857E9
8/18/09 12:00 AM;980.62;991.2;980.62;989.67;4.19897E9
8/19/09 12:00 AM;986.88;999.61;980.62;996.46;4.257E9
8/20/09 12:00 AM;996.41;1008.92;996.39;1007.37;4.89316E9
8/21/09 12:00 AM;1009.06;1027.59;1009.06;1026.13;5.88555E9
8/24/09 12:00 AM;1026.59;1035.82;1022.48;1025.57;6.30245E9
8/25/09 12:00 AM;1026.63;1037.75;1026.21;1028.0;5.76874E9
8/26/09 12:00 AM;1027.35;1032.47;1021.57;1028.12;5.08006E9
8/27/09 12:00 AM;1027.81;1033.33;1016.2;1030.98;5.78588E9
8/28/09 12:00 AM;1031.62;1039.47;1023.13;1028.93;5.78578E9
8/31/09 12:00 AM;1025.21;1025.21;1014.62;1020.62;5.00456E9
9/1/09 12:00 AM;1019.52;1028.45;996.28;998.04;6.86236E9
9/2/09 12:00 AM;996.07;1000.34;991.97;994.75;5.84273E9
9/3/09 12:00 AM;996.12;1003.43;992.25;1003.24;4.62428E9
9/4/09 12:00 AM;1003.84;1016.48;1001.65;1016.4;4.09737E9
9/8/09 12:00 AM;1018.67;1026.07;1018.67;1025.39;5.23516E9
9/9/09 12:00 AM;1025.36;1036.34;1023.97;1033.37;5.20255E9
9/10/09 12:00 AM;1032.99;1044.14;1028.04;1044.14;5.19138E9
9/11/09 12:00 AM;1043.92;1048.18;1038.4;1042.73;4.9226E9
9/14/09 12:00 AM;1040.15;1049.74;1035.0;1049.34;4.97961E9
9/15/09 12:00 AM;1049.03;1056.04;1043.42;1052.63;6.18562E9
9/16/09 12:00 AM;1053.99;1068.76;1052.87;1068.76;6.7935296E9
9/17/09 12:00 AM;1067.87;1074.77;1061.2;1065.49;6.66811E9
9/18/09 12:00 AM;1066.6;1071.52;1064.27;1068.3;5.60797E9
9/21/09 12:00 AM;1067.14;1067.28;1057.46;1064.66;4.61528E9
9/22/09 12:00 AM;1066.35;1073.81;1066.35;1071.66;5.2466E9
9/23/09 12:00 AM;1072.69;1080.15;1060.39;1060.87;5.53193E9
9/24/09 12:00 AM;1062.56;1066.29;1045.85;1050.78;5.50561E9
9/25/09 12:00 AM;1049.48;1053.47;1041.17;1044.38;4.50709E9
9/28/09 12:00 AM;1045.38;1065.13;1045.38;1062.98;3.72695E9
9/29/09 12:00 AM;1063.69;1069.62;1057.83;1060.61;4.9499E9
9/30/09 12:00 AM;1061.02;1063.4;1046.47;1057.08;5.99886E9
10/1/09 12:00 AM;1054.91;1054.91;1029.45;1029.85;5.79145E9
10/2/09 12:00 AM;1029.71;1030.6;1019.95;1025.21;5.58324E9
10/5/09 12:00 AM;1026.87;1042.58;1025.92;1040.46;4.31331E9
10/6/09 12:00 AM;1042.02;1060.55;1042.02;1054.72;5.02984E9
10/7/09 12:00 AM;1053.65;1058.02;1050.1;1057.58;4.23822E9
10/8/09 12:00 AM;1060.03;1070.67;1060.03;1065.48;4.9884E9
10/9/09 12:00 AM;1065.28;1071.51;1063.0;1071.49;3.76378E9
10/12/09 12:00 AM;1071.63;1079.46;1071.63;1076.19;3.71043E9
10/13/09 12:00 AM;1074.96;1075.3;1066.71;1073.19;4.32048E9
10/14/09 12:00 AM;1078.68;1093.17;1078.68;1092.02;5.40642E9
10/15/09 12:00 AM;1090.36;1096.56;1086.41;1096.56;5.36978E9
10/16/09 12:00 AM;1094.67;1094.67;1081.53;1087.68;4.89474E9
10/19/09 12:00 AM;1088.22;1100.17;1086.48;1097.91;4.61924E9
10/20/09 12:00 AM;1098.64;1098.64;1086.16;1091.06;5.39693E9
10/21/09 12:00 AM;1090.36;1101.36;1080.77;1081.4;5.61629E9
10/22/09 12:00 AM;1080.96;1095.21;1074.31;1092.91;5.19241E9
10/23/09 12:00 AM;1095.62;1095.83;1075.49;1079.6;4.76746E9
10/26/09 12:00 AM;1080.36;1091.75;1065.23;1066.95;6.36338E9
10/27/09 12:00 AM;1067.54;1072.48;1060.62;1063.41;5.33738E9
10/28/09 12:00 AM;1061.51;1063.26;1042.19;1042.63;6.60035E9
10/29/09 12:00 AM;1043.69;1066.83;1043.69;1066.11;5.59504E9
10/30/09 12:00 AM;1065.41;1065.41;1033.38;1036.19;6.51242E9
11/2/09 12:00 AM;1036.18;1052.18;1029.38;1042.88;6.20264E9
11/3/09 12:00 AM;1040.92;1046.36;1033.94;1045.41;5.4875E9
11/4/09 12:00 AM;1047.14;1061.0;1045.15;1046.5;5.63551E9
11/5/09 12:00 AM;1047.3;1066.65;1047.3;1066.63;4.84835E9
11/6/09 12:00 AM;1064.95;1071.48;1059.32;1069.3;4.27713E9
11/9/09 12:00 AM;1072.31;1093.19;1072.31;1093.08;4.46003E9
11/10/09 12:00 AM;1091.86;1096.42;1087.4;1093.01;4.39477E9
11/11/09 12:00 AM;1096.04;1105.37;1093.81;1098.51;4.2867E9
11/12/09 12:00 AM;1098.31;1101.97;1084.9;1087.24;4.16025E9
11/13/09 12:00 AM;1087.59;1097.79;1085.33;1093.48;3.79261E9
11/16/09 12:00 AM;1094.13;1113.69;1094.13;1109.3;4.56585E9
11/17/09 12:00 AM;1109.22;1110.52;1102.19;1110.32;3.82407E9
11/18/09 12:00 AM;1109.44;1111.1;1102.7;1109.8;4.29334E9
11/19/09 12:00 AM;1106.44;1106.44;1088.4;1094.9;4.17803E9
11/20/09 12:00 AM;1094.66;1094.66;1086.81;1091.38;3.75123E9
11/23/09 12:00 AM;1094.86;1112.38;1094.86;1106.24;3.82792E9
11/24/09 12:00 AM;1105.83;1107.56;1097.63;1105.65;3.70082E9
11/25/09 12:00 AM;1106.49;1111.18;1104.75;1110.63;3.03635E9
11/27/09 12:00 AM;1105.47;1105.47;1083.74;1091.49;2.36291E9
11/30/09 12:00 AM;1091.07;1097.24;1086.25;1095.63;3.89552E9
12/1/09 12:00 AM;1098.89;1112.28;1098.89;1108.86;4.24931E9
12/2/09 12:00 AM;1109.03;1115.58;1105.29;1109.24;3.94134E9
12/3/09 12:00 AM;1110.59;1117.28;1098.74;1099.92;4.81003E9
12/4/09 12:00 AM;1100.43;1119.13;1096.52;1105.98;5.78114E9
12/7/09 12:00 AM;1105.52;1110.72;1100.83;1103.25;4.10336E9
12/8/09 12:00 AM;1103.04;1103.04;1088.61;1091.94;4.74803E9
12/9/09 12:00 AM;1091.07;1097.04;1085.89;1095.95;4.11541E9
12/10/09 12:00 AM;1098.69;1106.25;1098.69;1102.35;3.99649E9
12/11/09 12:00 AM;1103.96;1108.5;1101.34;1106.41;3.79109E9
12/14/09 12:00 AM;1107.84;1114.76;1107.84;1114.11;4.54849E9
12/15/09 12:00 AM;1114.11;1114.11;1105.35;1107.93;5.0451E9
12/16/09 12:00 AM;1108.61;1116.21;1107.96;1109.18;4.82982E9
12/17/09 12:00 AM;1106.36;1106.36;1095.88;1096.08;7.6150704E9
12/18/09 12:00 AM;1097.86;1103.74;1093.88;1102.47;6.32589E9
12/21/09 12:00 AM;1105.31;1117.68;1105.31;1114.05;3.97734E9
12/22/09 12:00 AM;1114.51;1120.27;1114.51;1118.02;3.64113E9
12/23/09 12:00 AM;1118.84;1121.58;1116.0;1120.59;3.16687E9
12/24/09 12:00 AM;1121.08;1126.48;1121.08;1126.48;1.26771E9
12/28/09 12:00 AM;1127.53;1130.38;1123.51;1127.78;2.7164E9
12/29/09 12:00 AM;1128.55;1130.38;1126.08;1126.2;2.49102E9
12/30/09 12:00 AM;1125.53;1126.42;1121.94;1126.42;2.2773E9
12/31/09 12:00 AM;1126.6;1127.64;1114.81;1115.1;2.07699E9
1/4/10 12:00 AM;1116.56;1133.87;1116.56;1132.99;3.9914E9
1/5/10 12:00 AM;1132.66;1136.63;1129.66;1136.52;2.49102E9
1/6/10 12:00 AM;1135.71;1139.19;1133.95;1137.14;4.97266E9
1/7/10 12:00 AM;1136.27;1142.46;1131.32;1141.69;5.27068E9
1/8/10 12:00 AM;1140.52;1145.39;1136.22;1144.98;4.38959E9
1/11/10 12:00 AM;1145.96;1149.74;1142.02;1146.98;4.25578E9
1/12/10 12:00 AM;1143.81;1143.81;1131.77;1136.22;4.71616E9
1/13/10 12:00 AM;1137.31;1148.4;1133.18;1145.68;4.17036E9
1/14/10 12:00 AM;1145.68;1150.41;1143.8;1148.46;3.9152E9
1/15/10 12:00 AM;1147.72;1147.77;1131.39;1136.03;4.75873E9
1/19/10 12:00 AM;1136.03;1150.45;1135.77;1150.23;4.72483E9
1/20/10 12:00 AM;1147.95;1147.95;1129.25;1138.04;4.81056E9
1/21/10 12:00 AM;1138.68;1141.58;1114.84;1116.48;6.8742896E9
1/22/10 12:00 AM;1115.49;1115.49;1090.18;1091.76;6.20865E9
1/25/10 12:00 AM;1092.4;1102.97;1092.4;1096.78;4.48139E9
1/26/10 12:00 AM;1095.8;1103.69;1089.86;1092.17;4.73191E9
1/27/10 12:00 AM;1091.94;1099.51;1083.11;1097.5;5.31912E9
1/28/10 12:00 AM;1096.93;1100.22;1078.46;1084.53;5.4524E9
1/29/10 12:00 AM;1087.61;1096.45;1071.59;1073.87;5.41285E9
2/1/10 12:00 AM;1073.89;1089.38;1073.89;1089.19;4.07761E9
2/2/10 12:00 AM;1090.05;1104.73;1087.96;1103.32;4.74954E9
2/3/10 12:00 AM;1100.67;1102.72;1093.97;1097.28;4.28545E9
2/4/10 12:00 AM;1097.25;1097.25;1062.78;1063.11;5.85969E9
2/5/10 12:00 AM;1064.12;1067.13;1044.5;1066.19;6.4389E9
2/8/10 12:00 AM;1065.51;1071.2;1056.51;1056.74;4.08982E9
2/9/10 12:00 AM;1060.06;1079.28;1060.06;1070.52;5.11426E9
2/10/10 12:00 AM;1069.68;1073.67;1059.34;1068.13;4.25145E9
2/11/10 12:00 AM;1067.1;1080.04;1060.59;1078.47;4.40087E9
2/12/10 12:00 AM;1075.95;1077.81;1062.97;1075.51;4.16068E9
2/16/10 12:00 AM;1079.13;1095.67;1079.13;1094.87;4.08077E9
2/17/10 12:00 AM;1096.14;1101.03;1094.72;1099.51;4.25923E9
2/18/10 12:00 AM;1099.03;1108.24;1097.48;1106.75;3.87862E9
2/19/10 12:00 AM;1105.49;1112.42;1100.8;1109.17;3.94428E9
2/22/10 12:00 AM;1110.0;1112.29;1105.38;1108.01;3.81444E9
2/23/10 12:00 AM;1107.49;1108.58;1092.18;1094.6;4.52105E9
2/24/10 12:00 AM;1095.89;1106.42;1095.5;1105.24;4.16836E9
2/25/10 12:00 AM;1101.24;1103.5;1086.02;1102.94;4.52113E9
2/26/10 12:00 AM;1103.1;1107.24;1097.56;1104.49;3.94519E9
3/1/10 12:00 AM;1105.36;1116.11;1105.36;1115.71;3.84764E9
3/2/10 12:00 AM;1117.01;1123.46;1116.51;1118.31;4.13468E9
3/3/10 12:00 AM;1119.36;1125.64;1116.58;1118.79;3.95132E9
3/4/10 12:00 AM;1119.12;1123.73;1116.66;1122.97;3.94501E9
3/5/10 12:00 AM;1125.12;1139.38;1125.12;1138.7;4.133E9
3/8/10 12:00 AM;1138.4;1141.05;1136.77;1138.5;3.77468E9
3/9/10 12:00 AM;1137.56;1145.37;1134.9;1140.45;5.18557E9
3/10/10 12:00 AM;1140.22;1148.26;1140.09;1145.61;5.46912E9
3/11/10 12:00 AM;1143.96;1150.24;1138.99;1150.24;4.66906E9
3/12/10 12:00 AM;1151.71;1153.41;1146.97;1149.99;4.92816E9
3/15/10 12:00 AM;1148.53;1150.98;1141.45;1150.51;4.16411E9
3/16/10 12:00 AM;1150.83;1160.28;1150.35;1159.46;4.36977E9
3/17/10 12:00 AM;1159.94;1169.84;1159.94;1166.21;4.9632E9
3/18/10 12:00 AM;1166.13;1167.77;1161.16;1165.83;4.23451E9
3/19/10 12:00 AM;1166.68;1169.2;1155.33;1159.9;5.21241E9
